num_topics,coherence_score
2,0.3972834521649986
3,0.40967742332584073
4,0.40009865023769353
5,0.39650914044320845
6,0.4150984997045673
7,0.4038316463775486
8,0.4011928850329958
9,0.4100603754433484
